<?xml version="1.0" encoding="UTF-8"?>
<root>
  <item name="com.xgn.common.swipe_pull_load.MaterialLoadingProgressBar.MaterialProgressDrawable void updateSizes(int) 0">
    <annotation name="android.support.annotation.IntDef">
      <val name="value" val="{com.xgn.common.swipe_pull_load.MaterialLoadingProgressBar.MaterialProgressDrawable.LARGE, com.xgn.common.swipe_pull_load.MaterialLoadingProgressBar.MaterialProgressDrawable.DEFAULT}" />
    </annotation>
  </item>
  <item name="com.xgn.common.swipe_pull_load.MaterialLoadingProgressBar.MaterialProgressDrawable.ProgressDrawableSize">
    <annotation name="android.support.annotation.IntDef">
      <val name="value" val="{com.xgn.common.swipe_pull_load.MaterialLoadingProgressBar.MaterialProgressDrawable.LARGE, com.xgn.common.swipe_pull_load.MaterialLoadingProgressBar.MaterialProgressDrawable.DEFAULT}" />
    </annotation>
  </item>
</root>

